DN,ingredient,ingredient_smiles,active_ingredient,active_ingredient_SMILES
DN-0009,acamprosate calcium,CC(=O)NCCCS(=O)(=O)[O-].CC(=O)NCCCS(=O)(=O)[O-].[Ca+2],acamprosate,CC(=O)NCCCS(=O)(=O)O
DN-0011,acebutolol hydrochloride,CCCC(=O)NC1=CC(=C(C=C1)OCC(CNC(C)C)O)C(=O)C,acebutolol,CCCC(=O)Nc1ccc(OCC(O)CNC(C)C)c(C(C)=O)c1
DN-0032,acetylcholine chloride,CC(=O)OCC[N+](C)(C)C.[Cl-],acetylcholine,CC(=O)OCC[N+](C)(C)C
DN-0037,aclidinium bromide,C1C[N+]2(CCC1[C@H](C2)OC(=O)C(C3=CC=CS3)(C4=CC=CS4)O)CCCOC5=CC=CC=C5.[Br-],aclidinium,O=C(O[C@H]1C[N+]2(CCCOc3ccccc3)CCC1CC2)C(O)(c1cccs1)c1cccs1
DN-0041,acyclovir sodium,C1=NC2=C(N1COCCO)N=C(NC2=O)N,acyclovir,Nc1nc2c(ncn2COCCO)c(=O)[nH]1
DN-0055,albuterol sulfate,CC(C)(C)NCC(C1=CC(=C(C=C1)O)CO)O.CC(C)(C)NCC(C1=CC(=C(C=C1)O)CO)O.OS(=O)(=O)O,albuterol,CC(C)(C)NCC(O)c1ccc(O)c(CO)c1
DN-0062,alendronate sodium,C(CC(O)(P(=O)(O)O)P(=O)(O)[O-])CN.O.O.O.[Na+],alendronate,NCCCC(O)(P(=O)(O)O)P(=O)(O)O
DN-0088,amantadine hydrochloride,C1C2CC3CC1CC(C2)(C3)N.Cl,amantadine,NC12CC3CC(CC(C3)C1)C2
DN-0089,ambenonium chloride,CC[N+](CC)(CCNC(=O)C(=O)NCC[N+](CC)(CC)CC1=CC=CC=C1Cl)CC2=CC=CC=C2Cl.[Cl-].[Cl-],ambenonium,CC[N+](CC)(CCNC(=O)C(=O)NCC[N+](CC)(CC)Cc1ccccc1Cl)Cc1ccccc1Cl
DN-0223,atropine sulfate,CN1[C@@H]2CC[C@H]1CC(C2)OC(=O)C(CO)C3=CC=CC=C3.CN1[C@@H]2CC[C@H]1CC(C2)OC(=O)C(CO)C3=CC=CC=C3.OS(=O)(=O)O,atropine,CN1[C@@H]2CC[C@H]1CC(OC(=O)C(CO)c1ccccc1)C2
DN-0241,azelastine hydrochloride,CN1CCCC(CC1)N2C(=O)C3=CC=CC=C3C(=N2)CC4=CC=C(C=C4)Cl.Cl,azelastine,CN1CCCC(n2nc(Cc3ccc(Cl)cc3)c3ccccc3c2=O)CC1
DN-0255,balsalazide disodium,C1=CC(=CC=C1C(=O)NCCC(=O)[O-])N=NC2=CC(=C(C=C2)[O-])C(=O)O.[Na+].[Na+],balsalazide,O=C(O)CCNC(=O)c1ccc(N=Nc2ccc(O)c(C(=O)O)c2)cc1
DN-0264,bendamustine hydrochloride,CN1C2=C(C=C(C=C2)N(CCCl)CCCl)N=C1CCCC(=O)O.Cl,bendamustine,Cn1c(CCCC(=O)O)nc2cc(N(CCCl)CCCl)ccc21
DN-0272,benzphetamine hydrochloride,C[C@@H](CC1=CC=CC=C1)N(C)CC2=CC=CC=C2.Cl,benzphetamine,C[C@@H](Cc1ccccc1)N(C)Cc1ccccc1
DN-0275,benztropine mesylate,CN1C2CCC1CC(C2)OC(C3=CC=CC=C3)C4=CC=CC=C4.CS(=O)(=O)O,benztropine,CN1[C@@H]2CC[C@H]1CC(OC(c1ccccc1)c1ccccc1)C2
DN-0283,betaine anhydrous,C[N+](C)(C)CC(=O)[O-],betaine,C[N+](C)(C)CC(=O)[O-]
DN-0308,bisoprolol fumarate,CC(C)NCC(COC1=CC=C(C=C1)COCCOC(C)C)O.CC(C)NCC(COC1=CC=C(C=C1)COCCOC(C)C)O.C(=C/C(=O)O)\C(=O)O,bisoprolol,CC(C)NCC(O)COc1ccc(COCCOC(C)C)cc1
DN-0326,bromocriptine mesylate,CC(C)C[C@H]1C(=O)N2CCC[C@H]2[C@]3(N1C(=O)[C@](O3)(C(C)C)NC(=O)[C@H]4CN([C@@H]5CC6=C(NC7=CC=CC(=C67)C5=C4)Br)C)O.CS(=O)(=O)O,bromocriptine,CC(C)C[C@H]1C(=O)N2CCC[C@H]2[C@]2(O)O[C@](NC(=O)[C@@H]3C=C4c5cccc6[nH]c(Br)c(c56)C[C@H]4N(C)C3)(C(C)C)C(=O)N12
DN-0348,butabarbital sodium,CCC(C)C1(C(=O)NC(=NC1=O)[O-])CC.[Na+],butabarbital,CCC(C)C1(CC)C(=O)NC(=O)NC1=O
DN-0350,butoconazole nitrate,C1=CC(=C(C(=C1)Cl)SC(CCC2=CC=C(C=C2)Cl)CN3C=CN=C3)Cl.[N+](=O)(O)[O-],butoconazole,Clc1ccc(CCC(Cn2ccnc2)Sc2c(Cl)cccc2Cl)cc1
DN-0355,caffeine citrate,CN1C=NC2=C1C(=O)N(C(=O)N2C)C.C(C(=O)O)C(CC(=O)O)(C(=O)O)O,caffeine,Cn1c(=O)c2c(ncn2C)n(C)c1=O
DN-0410,carbinoxamine maleate,CN(C)CCOC(C1=CC=C(C=C1)Cl)C2=CC=CC=N2.C(=C\C(=O)O)\C(=O)O,carbinoxamine,CN(C)CCOC(c1ccc(Cl)cc1)c1ccccn1
DN-0489,chloroquine phosphate,CCN(CC)CCCC(C)NC1=C2C=CC(=CC2=NC=C1)Cl.OP(=O)(O)O.OP(=O)(O)O,chloroquine,CCN(CC)CCCC(C)Nc1ccnc2cc(Cl)ccc12
DN-0490,chloroquine phosphate,CCN(CC)CCCC(C)NC1=C2C=CC(=CC2=NC=C1)Cl.OP(=O)(O)O.OP(=O)(O)O,chloroquine,CCN(CC)CCCC(C)Nc1ccnc2cc(Cl)ccc12
DN-0568,clomiphene citrate,CCN(CC)CCOC1=CC=C(C=C1)C(=C(C2=CC=CC=C2)Cl)C3=CC=CC=C3.C(C(=O)O)C(CC(=O)O)(C(=O)O)O,clomiphene,CCN(CC)CCOc1ccc(C(=C(Cl)c2ccccc2)c2ccccc2)cc1
DN-0569,clomipramine hydrochloride,CN(C)CCCN1C2=CC=CC=C2CCC3=C1C=C(C=C3)Cl.Cl,clomipramine,CN(C)CCCN1c2ccccc2CCc2ccc(Cl)cc21
DN-0572,clonidine hydrochloride,C1CN=C(N1)NC2=C(C=CC=C2Cl)Cl.Cl,clonidine,Clc1cccc(Cl)c1NC1=NCCN1
DN-0574,clorazepate dipotassium,C1=CC=C(C=C1)C2=NC(C(=O)NC3=C2C=C(C=C3)Cl)C(=O)[O-].[OH-].[K+].[K+],clorazepate,O=C(O)C1N=C(c2ccccc2)c2cc(Cl)ccc2NC1=O
DN-0607,cromolyn sodium,C1=CC2=C(C(=C1)OCC(COC3=CC=CC4=C3C(=O)C=C(O4)C(=O)[O-])O)C(=O)C=C(O2)C(=O)[O-].[Na+].[Na+],cromolyn,O=C(O)c1cc(=O)c2c(OCC(O)COc3cccc4oc(C(=O)O)cc(=O)c34)cccc2o1
DN-0642,dantrolene sodium,C1C(=NC(=O)N1/N=C/C2=CC=C(O2)C3=CC=C(C=C3)[N+](=O)[O-])[O-].[Na+],dantrolene,O=C1CN(/N=C/c2ccc(-c3ccc([N+](=O)[O-])cc3)o2)C(=O)N1
DN-0660,deferoxamine mesylate,CC(=O)N(CCCCCNC(=O)CCC(=O)N(CCCCCNC(=O)CCC(=O)N(CCCCCN)O)O)O.CS(=O)(=O)O,deferoxamine,CC(=O)N(O)CCCCCNC(=O)CCC(=O)N(O)CCCCCNC(=O)CCC(=O)N(O)CCCCCN
DN-0698,dexmedetomidine hydrochloride,CC1=C(C(=CC=C1)[C@H](C)C2=CN=CN2)C.Cl,dexmedetomidine,Cc1cccc([C@H](C)c2cnc[nH]2)c1C
DN-0699,dexmethylphenidate hydrochloride,COC(=O)[C@@H]([C@H]1CCCCN1)C2=CC=CC=C2.Cl,dexmethylphenidate,COC(=O)[C@H](c1ccccc1)[C@H]1CCCCN1
DN-0733,diclofenac potassium,C1=CC=C(C(=C1)CC(=O)[O-])NC2=C(C=CC=C2Cl)Cl.[K+],diclofenac,O=C(O)Cc1ccccc1Nc1c(Cl)cccc1Cl
DN-0738,dicyclomine hydrochloride,CCN(CC)CCOC(=O)C1(CCCCC1)C2CCCCC2.Cl,dicyclomine,CCN(CC)CCOC(=O)C1(C2CCCCC2)CCCCC1
DN-0743,diethylpropion hydrochloride,CCN(CC)C(C)C(=O)C1=CC=CC=C1.Cl,diethylpropion,CCN(CC)C(C)C(=O)c1ccccc1
DN-0781,donepezil hydrochloride,COC1=C(C=C2C(=C1)CC(C2=O)CC3CCN(CC3)CC4=CC=CC=C4)OC.Cl,donepezil,COc1cc2c(cc1OC)C(=O)C(CC1CCN(Cc3ccccc3)CC1)C2
DN-0787,doxacurium chloride,C[N@+]1(CCC2=CC(=C(C(=C2[C@H]1CC3=CC(=C(C(=C3)OC)OC)OC)OC)OC)OC)CCCOC(=O)CCC(=O)OCCC[N@+]4(CCC5=CC(=C(C(=C5[C@@H]4CC6=CC(=C(C(=C6)OC)OC)OC)OC)OC)OC)C.[Cl-].[Cl-],doxacurium,COc1cc(CC2c3c(cc(OC)c(OC)c3OC)CC[N+]2(C)CCCOC(=O)CCC(=O)OCCC[N+]2(C)CCc3cc(OC)c(OC)c(OC)c3C2Cc2cc(OC)c(OC)c(OC)c2)cc(OC)c1OC
DN-0792,doxorubicin hydrochloride,C[C@H]1[C@H]([C@H](C[C@@H](O1)O[C@H]2C[C@@](CC3=C2C(=C4C(=C3O)C(=O)C5=C(C4=O)C(=CC=C5)OC)O)(C(=O)CO)O)N)O.Cl,doxorubicin,COc1cccc2c1C(=O)c1c(O)c3c(c(O)c1C2=O)C[C@@](O)(C(=O)CO)C[C@@H]3O[C@H]1C[C@H](N)[C@H](O)[C@H](C)O1
DN-0813,echothiophate iodide,CCOP(=O)(OCC)SCC[N+](C)(C)C.[I-],echothiophate,CCOP(=O)(OCC)SCC[N+](C)(C)C
DN-0841,enalapril maleate,CCOC(=O)[C@H](CCC1=CC=CC=C1)N[C@@H](C)C(=O)N2CCC[C@H]2C(=O)O.C(=C\C(=O)O)\C(=O)O,enalapril,CCOC(=O)[C@H](CCc1ccccc1)N[C@@H](C)C(=O)N1CCC[C@H]1C(=O)O
DN-0853,ephedrine sulfate,C[C@@H]([C@@H](C1=CC=CC=C1)O)NC.C[C@@H]([C@@H](C1=CC=CC=C1)O)NC.OS(=O)(=O)O,ephedrine,CN[C@@H](C)[C@H](O)c1ccccc1
DN-0869,eribulin mesylate,C[C@@H]1C[C@@H]2CC[C@H]3C(=C)C[C@@H](O3)CC[C@]45C[C@@H]6[C@H](O4)[C@H]7[C@@H](O6)[C@@H](O5)[C@@H]8[C@@H](O7)CC[C@@H](O8)CC(=O)C[C@H]9[C@H](C[C@H](C1=C)O2)O[C@@H]([C@@H]9OC)C[C@@H](CN)O.CS(=O)(=O)O,eribulin,C=C1C[C@@H]2CC[C@@]34C[C@H]5O[C@H]6[C@@H](O3)[C@H]3O[C@H](CC[C@@H]3O[C@H]6[C@H]5O4)CC(=O)C[C@@H]3[C@@H](OC)[C@@H](C[C@H](O)CN)O[C@H]3C[C@H]3O[C@@H](CC[C@@H]1O2)C[C@@H](C)C3=C
DN-0896,estramustine phosphate sodium,C[C@]12CC[C@H]3[C@H]([C@@H]1CC[C@@H]2OP(=O)([O-])[O-])CCC4=C3C=CC(=C4)OC(=O)N(CCCl)CCCl.[Na+].[Na+],estramustine phosphate,C[C@]12CC[C@@H]3c4ccc(OC(=O)N(CCCl)CCCl)cc4CC[C@H]3[C@@H]1CC[C@@H]2OP(=O)(O)O
DN-0932,etidronate disodium,CC(O)(P(=O)(O)[O-])P(=O)(O)[O-].[Na+].[Na+],etidronate,CC(O)(P(=O)(O)O)P(=O)(O)O
DN-0971,fexofenadine hydrochloride,CC(C)(C1=CC=C(C=C1)C(CCCN2CCC(CC2)C(C3=CC=CC=C3)(C4=CC=CC=C4)O)O)C(=O)O.Cl,fexofenadine,CC(C)(C(=O)O)c1ccc(C(O)CCCN2CCC(C(O)(c3ccccc3)c3ccccc3)CC2)cc1
DN-1012,flurazepam hydrochloride,CCN(CC)CCN1C(=O)CN=C(C2=C1C=CC(=C2)Cl)C3=CC=CC=C3F.Cl.Cl,flurazepam,CCN(CC)CCN1C(=O)CN=C(c2ccccc2F)c2cc(Cl)ccc21
DN-1014,flurbiprofen sodium,CC(C1=CC(=C(C=C1)C2=CC=CC=C2)F)C(=O)[O-].[Na+],flurbiprofen,CC(C(=O)O)c1ccc(-c2ccccc2)c(F)c1
DN-1022,fluvoxamine maleate,COCCCC/C(=N\OCCN)/C1=CC=C(C=C1)C(F)(F)F.C(=C\C(=O)O)\C(=O)O,fluvoxamine,COCCCC/C(=N\OCCN)c1ccc(C(F)(F)F)cc1
DN-1028,formoterol fumarate,C[C@H](CC1=CC=C(C=C1)OC)NC[C@@H](C2=CC(=C(C=C2)O)NC=O)O.C[C@H](CC1=CC=C(C=C1)OC)NC[C@@H](C2=CC(=C(C=C2)O)NC=O)O.C(=C/C(=O)O)\C(=O)O,formoterol,COc1ccc(CC(C)NCC(O)c2ccc(O)c(NC=O)c2)cc1
DN-1131,hydralazine hydrochloride,C1=CC=C2C(=C1)C=NN=C2NN.Cl,hydralazine,NNc1nncc2ccccc12
DN-1155,hydrocodone bitartrate,CN1CC[C@]23[C@@H]4[C@H]1CC5=C2C(=C(C=C5)OC)O[C@H]3C(=O)CC4.CN1CC[C@]23[C@@H]4[C@H]1CC5=C2C(=C(C=C5)OC)O[C@H]3C(=O)CC4.[C@@H]([C@H](C(=O)O)O)(C(=O)O)O.[C@@H]([C@H](C(=O)O)O)(C(=O)O)O.O.O.O.O.O,hydrocodone,COc1ccc2c3c1O[C@H]1C(=O)CC[C@H]4[C@@H](C2)N(C)CC[C@]314
DN-1177,hydroxychloroquine sulfate,CCN(CCCC(C)NC1=C2C=CC(=CC2=NC=C1)Cl)CCO.OS(=O)(=O)O,hydroxychloroquine,CCN(CCO)CCCC(C)Nc1ccnc2cc(Cl)ccc12
DN-1192,ibutilide fumarate,CCCCCCCN(CC)CCCC(C1=CC=C(C=C1)NS(=O)(=O)C)O.CCCCCCCN(CC)CCCC(C1=CC=C(C=C1)NS(=O)(=O)C)O.C(=C/C(=O)O)\C(=O)O,ibutilide,CCCCCCCN(CC)CCCC(O)c1ccc(NS(C)(=O)=O)cc1
DN-1293,ipratropium bromide,CC(C)[N+]1([C@@H]2CC[C@H]1CC(C2)OC(=O)C(CO)C3=CC=CC=C3)C.[Br-],ipratropium,CC(C)[N+]1(C)[C@@H]2CC[C@H]1CC(OC(=O)C(CO)c1ccccc1)C2
DN-1295,irinotecan,CCC1=C2CN3C(=CC4=C(C3=O)COC(=O)[C@@]4(CC)O)C2=NC5=C1C=C(C=C5)OC(=O)N6CCC(CC6)N7CCCCC7.CCC1=C2CN3C(=CC4=C(C3=O)COC(=O)[C@@]4(CC)O)C2=NC5=C1C=C(C=C5)OC(=O)N6CCC(CC6)N7CCCCC7.CCC1=C2CN3C(=CC4=C(C3=O)COC(=O)[C@@]4(CC)O)C2=NC5=C1C=C(C=C5)OC(=O)N6CCC(CC6)N7CCCCC7.CCC1=C2CN3C(=CC4=C(C3=O)COC(=O)[C@@]4(CC)O)C2=NC5=C1C=C(C=C5)OC(=O)N6CCC(CC6)N7CCCCC7.C([C@@H]1[C@H]([C@@H]([C@H]([C@H](O1)O[C@]2([C@H]([C@@H]([C@H](O2)COS(=O)(=O)O)OS(=O)(=O)O)OS(=O)(=O)O)COS(=O)(=O)O)OS(=O)(=O)O)OS(=O)(=O)O)OS(=O)(=O)O)OS(=O)(=O)O,irinotecan,CCc1c2c(nc3ccc(OC(=O)N4CCC(N5CCCCC5)CC4)cc13)-c1cc3c(c(=O)n1C2)COC(=O)[C@]3(O)CC
DN-1298,isavuconazonium sulfate,C[C@@H](C1=NC(=CS1)C2=CC=C(C=C2)C#N)[C@](CN3C=[N+](C=N3)C(C)OC(=O)N(C)C4=C(C=CC=N4)COC(=O)CNC)(C5=C(C=CC(=C5)F)F)O.OS(=O)(=O)[O-],isavuconazonium,CNCC(=O)OCc1cccnc1N(C)C(=O)OC(C)[n+]1cnn(C[C@](O)(c2cc(F)ccc2F)[C@@H](C)c2nc(-c3ccc(C#N)cc3)cs2)c1
DN-1386,levothyroxine sodium,C1=C(C=C(C(=C1I)OC2=CC(=C(C(=C2)I)O)I)I)C[C@@H](C(=O)[O-])N.[Na+],levothyroxine,N[C@@H](Cc1cc(I)c(Oc2cc(I)c(O)c(I)c2)c(I)c1)C(=O)O
DN-1399,liothyronine sodium,C1=CC(=C(C=C1OC2=C(C=C(C=C2I)C[C@@H](C(=O)[O-])N)I)I)O.[Na+],liothyronine,N[C@@H](Cc1cc(I)c(Oc2ccc(O)c(I)c2)c(I)c1)C(=O)O
DN-1419,losartan potassium,CCCCC1=NC(=C(N1CC2=CC=C(C=C2)C3=CC=CC=C3C4=NN=N[N-]4)CO)Cl.[K+],losartan,CCCCc1nc(Cl)c(CO)n1Cc1ccc(-c2ccccc2-c2nn[nH]n2)cc1
DN-1478,mepenzolate bromide,C[N+]1(CCCC(C1)OC(=O)C(C2=CC=CC=C2)(C3=CC=CC=C3)O)C.[Br-],mepenzolate,C[N+]1(C)CCCC(OC(=O)C(O)(c2ccccc2)c2ccccc2)C1
DN-1515,methohexital sodium,CCC#CC(C)C1(C(=O)N=C(N(C1=O)C)[O-])CC=C.[Na+],methohexital,C=CCC1(C(C)C#CCC)C(=O)NC(=O)N(C)C1=O
DN-1530,methylergonovine maleate,CC[C@@H](CO)NC(=O)[C@H]1CN([C@@H]2CC3=CNC4=CC=CC(=C34)C2=C1)C.C(=C\C(=O)O)\C(=O)O,methylergonovine,CC[C@@H](CO)NC(=O)[C@@H]1C=C2c3cccc4[nH]cc(c34)C[C@H]2N(C)C1
DN-1531,methylnaltrexone bromide,C[N+]1(CC[C@]23[C@@H]4C(=O)CC[C@]2([C@H]1CC5=C3C(=C(C=C5)O)O4)O)CC6CC6.[Br-],methylnaltrexone,C[N+]1(CC2CC2)CC[C@]23c4c5ccc(O)c4O[C@H]2C(=O)CC[C@@]3(O)[C@H]1C5
DN-1545,metoprolol succinate,CC(C)NCC(COC1=CC=C(C=C1)CCOC)O.CC(C)NCC(COC1=CC=C(C=C1)CCOC)O.C(CC(=O)O)C(=O)O,metoprolol,COCCc1ccc(OCC(O)CNC(C)C)cc1
DN-1546,metoprolol tartrate,CC(C)NCC(COC1=CC=C(C=C1)CCOC)O.CC(C)NCC(COC1=CC=C(C=C1)CCOC)O.[C@@H]([C@H](C(=O)O)O)(C(=O)O)O,metoprolol,COCCc1ccc(OCC(O)CNC(C)C)cc1
DN-1556,miconazole nitrate,C1=CC(=C(C=C1Cl)Cl)COC(CN2C=CN=C2)C3=C(C=C(C=C3)Cl)Cl.[N+](=O)(O)[O-],miconazole,Clc1ccc(COC(Cn2ccnc2)c2ccc(Cl)cc2Cl)c(Cl)c1
DN-1578,moexipril hydrochloride,CCOC(=O)[C@H](CCC1=CC=CC=C1)N[C@@H](C)C(=O)N2CC3=CC(=C(C=C3C[C@H]2C(=O)O)OC)OC.Cl,moexipril,CCOC(=O)[C@H](CCc1ccccc1)N[C@@H](C)C(=O)N1Cc2cc(OC)c(OC)cc2C[C@H]1C(=O)O
DN-1600,nalbuphine hydrochloride,C1CC(C1)CN2CC[C@]34[C@@H]5[C@H](CC[C@]3([C@H]2CC6=C4C(=C(C=C6)O)O5)O)O.Cl,nalbuphine,Oc1ccc2c3c1O[C@H]1[C@@H](O)CC[C@@]4(O)[C@@H](C2)N(CC2CCC2)CC[C@]314
DN-1605,naloxone hydrochloride,C=CCN1CC[C@]23[C@@H]4C(=O)CC[C@]2([C@H]1CC5=C3C(=C(C=C5)O)O4)O.Cl,naloxone,C=CCN1CC[C@]23c4c5ccc(O)c4O[C@H]2C(=O)CC[C@@]3(O)[C@H]1C5
DN-1623,nedocromil sodium,CCCC1=C2C(=CC3=C1OC(=CC3=O)C(=O)[O-])C(=O)C=C(N2CC)C(=O)[O-].[Na+].[Na+],nedocromil,CCCc1c2oc(C(=O)O)cc(=O)c2cc2c(=O)cc(C(=O)O)n(CC)c12
DN-1624,nefazodone hydrochloride,CCC1=NN(C(=O)N1CCOC2=CC=CC=C2)CCCN3CCN(CC3)C4=CC(=CC=C4)Cl.Cl,nefazodone,CCc1nn(CCCN2CCN(c3cccc(Cl)c3)CC2)c(=O)n1CCOc1ccccc1
DN-1700,orphenadrine citrate,CC1=CC=CC=C1C(C2=CC=CC=C2)OCCN(C)C.C(C(=O)O)C(CC(=O)O)(C(=O)O)O,orphenadrine,Cc1ccccc1C(OCCN(C)C)c1ccccc1
DN-1717,oxybutynin chloride,CCN(CC)CC#CCOC(=O)C(C1CCCCC1)(C2=CC=CC=C2)O.Cl,oxybutynin,CCN(CC)CC#CCOC(=O)C(O)(c1ccccc1)C1CCCCC1
DN-1719,oxycodone hydrochloride,CN1CC[C@]23[C@@H]4C(=O)CC[C@]2([C@H]1CC5=C3C(=C(C=C5)OC)O4)O.Cl,oxycodone,COc1ccc2c3c1O[C@H]1C(=O)CC[C@@]4(O)[C@@H](C2)N(C)CC[C@]314
DN-1721,oxymetazoline,CC1=CC(=C(C(=C1CC2=NCCN2)C)O)C(C)(C)C.Cl,oxymetazoline,Cc1cc(C(C)(C)C)c(O)c(C)c1CC1=NCCN1
DN-1736,pamidronate disodium,C(CN)C(O)(P(=O)(O)[O-])P(=O)(O)[O-].[Na+].[Na+],pamidronate,NCCC(O)(P(=O)(O)O)P(=O)(O)O
DN-1738,pancuronium bromide,CC(=O)O[C@H]1C[C@@H]2CC[C@@H]3[C@@H]([C@]2(C[C@@H]1[N+]4(CCCCC4)C)C)CC[C@]5([C@H]3C[C@@H]([C@@H]5OC(=O)C)[N+]6(CCCCC6)C)C.[Br-].[Br-],pancuronium,CC(=O)O[C@H]1C[C@@H]2CC[C@@H]3[C@H](CC[C@@]4(C)[C@H]3C[C@H]([N+]3(C)CCCCC3)[C@@H]4OC(C)=O)[C@@]2(C)C[C@@H]1[N+]1(C)CCCCC1
DN-1740,pantoprazole,COC1=C(C(=NC=C1)CS(=O)C2=NC3=C([N-]2)C=CC(=C3)OC(F)F)OC.[Na+],pantoprazole,COc1ccnc(CS(=O)c2nc3ccc(OC(F)F)cc3[nH]2)c1OC
DN-1757,pemirolast potassium,CC1=CC=CN2C1=NC=C(C2=O)C3=NN=N[N-]3.[K+],pemirolast,Cc1cccn2c(=O)c(-c3nn[nH]n3)cnc12
DN-1764,Penicillin G Potassium,CC1([C@@H](N2[C@H](S1)[C@@H](C2=O)NC(=O)CC3=CC=CC=C3)C(=O)[O-])C.[K+],penicillin g,CC1(C)S[C@@H]2[C@H](NC(=O)Cc3ccccc3)C(=O)N2[C@H]1C(=O)O
DN-1789,Phendimetrazine tartrate,C[C@H]1[C@@H](OCCN1C)C2=CC=CC=C2.[C@@H]([C@H](C(=O)O)O)(C(=O)O)O,phendimetrazine,C[C@H]1[C@H](c2ccccc2)OCCN1C
DN-1799,phentolamine mesylate,CC1=CC=C(C=C1)N(CC2=NCCN2)C3=CC(=CC=C3)O.CS(=O)(=O)O,phentolamine,Cc1ccc(N(CC2=NCCN2)c2cccc(O)c2)cc1
DN-1802,phenylephrine hydrochloride,CNC[C@@H](C1=CC(=CC=C1)O)O.Cl,phenylephrine,CNC[C@H](O)c1cccc(O)c1
DN-1809,pilocarpine hydrochloride,CC[C@H]1[C@H](COC1=O)CC2=CN=CN2C.Cl,pilocarpine,CC[C@@H]1C(=O)OC[C@@H]1Cc1cncn1C
DN-1858,pralidoxime chloride,C[N+]1=CC=CC=C1/C=N/O.[Cl-],pralidoxime,C[n+]1ccccc1/C=N/O
DN-1866,prazosin hydrochloride,COC1=C(C=C2C(=C1)C(=NC(=N2)N3CCN(CC3)C(=O)C4=CC=CO4)N)OC.Cl,prazosin,COc1cc2nc(N3CCN(C(=O)c4ccco4)CC3)nc(N)c2cc1OC
DN-1888,procyclidine hydrochloride,C1CCC(CC1)C(CCN2CCCC2)(C3=CC=CC=C3)O.Cl,procyclidine,OC(CCN1CCCC1)(c1ccccc1)C1CCCCC1
DN-1891,promethazine HCl,CC(CN1C2=CC=CC=C2SC3=CC=CC=C31)N(C)C.Cl,promethazine,CC(CN1c2ccccc2Sc2ccccc21)N(C)C
DN-1894,proparacaine HCl,CCCOC1=C(C=C(C=C1)C(=O)OCCN(CC)CC)N.Cl,proparacaine,CCCOc1ccc(C(=O)OCCN(CC)CC)cc1N
DN-1912,pyridostigmine bromide,C[N+]1=CC=CC(=C1)OC(=O)N(C)C.[Br-],pyridostigmine,CN(C)C(=O)Oc1ccc[n+](C)c1
DN-1918,quetiapine fumarate,C1CN(CCN1CCOCCO)C2=NC3=CC=CC=C3SC4=CC=CC=C42.C1CN(CCN1CCOCCO)C2=NC3=CC=CC=C3SC4=CC=CC=C42.C(=C/C(=O)O)\C(=O)O,quetiapine,OCCOCCN1CCN(C2=Nc3ccccc3Sc3ccccc32)CC1
DN-1926,quinine sulfate,COC1=CC2=C(C=CN=C2C=C1)[C@H]([C@@H]3C[C@@H]4CCN3C[C@@H]4C=C)O.COC1=CC2=C(C=CN=C2C=C1)[C@H]([C@@H]3C[C@@H]4CCN3C[C@@H]4C=C)O.OS(=O)(=O)O,quinine,C=C[C@H]1CN2CC[C@H]1C[C@H]2[C@H](O)c1ccnc2ccc(OC)cc12
DN-1928,rabeprazole sodium,CC1=C(C=CN=C1CS(=O)C2=NC3=CC=CC=C3[N-]2)OCCCOC.[Na+],rabeprazole,COCCCOc1ccnc(CS(=O)c2nc3ccccc3[nH]2)c1C
DN-1937,rapacuronium bromide,CCC(=O)O[C@H]1[C@H](C[C@@H]2[C@@]1(CC[C@H]3[C@H]2CC[C@@H]4[C@@]3(C[C@@H]([C@H](C4)OC(=O)C)N5CCCCC5)C)C)[N+]6(CCCCC6)CC=C.[Br-],rapacuronium,C=CC[N+]1([C@H]2C[C@H]3[C@@H]4CC[C@H]5C[C@H](OC(C)=O)[C@@H](N6CCCCC6)C[C@]5(C)[C@H]4CC[C@]3(C)[C@H]2OC(=O)CC)CCCCC1
DN-1951,riboflavin 5'-phosphate sodium,,riboflavin 5'-phosphate,Cc1cc2nc3c(=O)[nH]c(=O)nc-3n(C[C@H](O)[C@H](O)[C@H](O)COP(=O)(O)O)c2cc1C
DN-1961,risedronate sodium,C1=CC(=CN=C1)CC(O)(P(=O)(O)O)P(=O)(O)[O-].[Na+],risedronate,O=P(O)(O)C(O)(Cc1cccnc1)P(=O)(O)O
DN-1969,rocuronium bromide,CC(=O)O[C@H]1[C@H](C[C@@H]2[C@@]1(CC[C@H]3[C@H]2CC[C@@H]4[C@@]3(C[C@@H]([C@H](C4)O)N5CCOCC5)C)C)[N+]6(CCCC6)CC=C.[Br-],rocuronium,C=CC[N+]1([C@H]2C[C@H]3[C@@H]4CC[C@H]5C[C@H](O)[C@@H](N6CCOCC6)C[C@]5(C)[C@H]4CC[C@]3(C)[C@H]2OC(C)=O)CCCC1
DN-2029,sodium chloride,,benzoic acid,O=C(O)c1ccccc1
DN-2083,sulconazole nitrate,C1=CC(=CC=C1CSC(CN2C=CN=C2)C3=C(C=C(C=C3)Cl)Cl)Cl.[N+](=O)(O)[O-],sulconazole,Clc1ccc(CSC(Cn2ccnc2)c2ccc(Cl)cc2Cl)cc1
DN-2106,sumatriptan succinate,CNS(=O)(=O)CC1=CC2=C(C=C1)NC=C2CCN(C)C.C(CC(=O)O)C(=O)O,sumatriptan,CNS(=O)(=O)Cc1ccc2[nH]cc(CCN(C)C)c2c1
DN-2118,tamoxifen,CC/C(=C(\C1=CC=CC=C1)/C2=CC=C(C=C2)OCCN(C)C)/C3=CC=CC=C3.C(C(=O)O)C(CC(=O)O)(C(=O)O)O,tamoxifen,CC/C(=C(\c1ccccc1)c1ccc(OCCN(C)C)cc1)c1ccccc1
DN-2119,tamsulosin hydrochloride,CCOC1=CC=CC=C1OCCN[C@H](C)CC2=CC(=C(C=C2)OC)S(=O)(=O)N.Cl,tamsulosin,CCOc1ccccc1OCCN[C@H](C)Cc1ccc(OC)c(S(N)(=O)=O)c1
DN-2172,tenofovir disoproxil fumarate,C[C@H](CN1C=NC2=C(N=CN=C21)N)OCP(=O)(OCOC(=O)OC(C)C)OCOC(=O)OC(C)C.C(=C/C(=O)O)\C(=O)O,tenofovir disoproxil,CC(C)OC(=O)OCOP(=O)(CO[C@H](C)Cn1cnc2c(N)ncnc21)OCOC(=O)OC(C)C
DN-2211,ticlopidine hydrochloride,C1CN(CC2=C1SC=C2)CC3=CC=CC=C3Cl.Cl,ticlopidine,Clc1ccccc1CN1CCc2sccc2C1
DN-2213,tiludronate disodium,C1=CC(=CC=C1SC(P(=O)(O)[O-])P(=O)(O)[O-])Cl.[Na+].[Na+],tiludronate,O=P(O)(O)C(Sc1ccc(Cl)cc1)P(=O)(O)O
DN-2215,timolol,CC(C)(C)NC[C@@H](COC1=NSN=C1N2CCOCC2)O.C(=C\C(=O)O)\C(=O)O,timolol,CC(C)(C)NC[C@H](O)COc1nsnc1N1CCOCC1
DN-2288,trospium chloride,C1CC[N+]2(C1)[C@@H]3CC[C@H]2CC(C3)OC(=O)C(C4=CC=CC=C4)(C5=CC=CC=C5)O.[Cl-],trospium,O=C(OC1C[C@H]2CC[C@@H](C1)[N+]21CCCC1)C(O)(c1ccccc1)c1ccccc1
DN-2331,vincristine sulfate,CC[C@@]1(C[C@@H]2C[C@@](C3=C(CCN(C2)C1)C4=CC=CC=C4N3)(C5=C(C=C6C(=C5)[C@]78CCN9[C@H]7[C@@](C=CC9)([C@H]([C@@]([C@@H]8N6C=O)(C(=O)OC)O)OC(=O)C)CC)OC)C(=O)OC)O.OS(=O)(=O)O,vincristine,CC[C@]1(O)C[C@H]2CN(CCc3c([nH]c4ccccc34)[C@@](C(=O)OC)(c3cc4c(cc3OC)N(C=O)[C@H]3[C@@](O)(C(=O)OC)[C@H](OC(C)=O)[C@]5(CC)C=CCN6CC[C@]43[C@@H]65)C2)C1
DN-2340,warfarin sodium,CC(=O)CC(C1=CC=CC=C1)C2=C(C3=CC=CC=C3OC2=O)[O-].[Na+],warfarin,CC(=O)CC(c1ccccc1)c1c(O)c2ccccc2oc1=O
DN-2368,cocaine hydrochloride,CN1[C@H]2CC[C@@H]1[C@H]([C@H](C2)OC(=O)C3=CC=CC=C3)C(=O)OC.Cl,cocaine,COC(=O)[C@H]1[C@@H](OC(=O)c2ccccc2)C[C@@H]2CC[C@H]1N2C
